customer_id,customer_type,segment,onboard_date,residency_status,entity_code,entity_name
C32890481,Retail,Retail_CASA,2024-06-03,Resident,SG,Singapore
C71483327,Retail,Retail_CASA,2021-08-15,Resident,TH,Thailand
C29445555,Retail,Retail_CASA,2023-11-29,NonResident,TW,Taiwan
C98776394,SME,SME_Services,2022-10-25,Resident,SG,Singapore
C28186104,SME,SME_Services,2021-11-17,Resident,TH,Thailand
C01594898,Retail,Retail_CASA,2023-11-02,Resident,TW,Taiwan
C64524329,Retail,Retail_Savings,2020-03-25,Resident,SG,Singapore
C00196827,SME,SME_Manufacturing,2022-12-09,NonResident,TH,Thailand
C34068615,Retail,Retail_CASA,2020-01-13,Resident,TW,Taiwan
C29815987,Retail,Retail_Savings,2019-10-03,Resident,SG,Singapore
C60740257,Retail,Retail_CASA,2024-11-04,NonResident,TH,Thailand
C56863651,SME,SME_Services,2024-10-05,Resident,TW,Taiwan
C06353213,Retail,Retail_Savings,2023-10-02,Resident,SG,Singapore
C84359354,Retail,Retail_CASA,2025-07-05,Resident,TH,Thailand
C64656915,Retail,Retail_CASA,2023-04-10,NonResident,TW,Taiwan
C43204804,Retail,Retail_Savings,2019-09-18,Resident,SG,Singapore
C99206034,SME,SME_Trading,2021-09-15,NonResident,TH,Thailand
C80651884,SME,SME_Trading,2020-10-04,Resident,TW,Taiwan
C96995215,Retail,Retail_CASA,2024-01-31,Resident,SG,Singapore
C17925013,Retail,Retail_CASA,2020-03-22,Resident,TH,Thailand
C89655039,Retail,Retail_Savings,2023-04-03,Resident,TW,Taiwan
C42270985,Retail,Retail_CASA,2024-12-24,Resident,SG,Singapore
C47543470,Retail,Retail_CASA,2020-04-16,Resident,TH,Thailand
C07380914,Retail,Retail_CASA,2025-05-31,Resident,TW,Taiwan
C91674054,Retail,Retail_Savings,2023-12-17,NonResident,SG,Singapore
C86305268,Retail,Retail_CASA,2019-04-24,Resident,TH,Thailand
C39557799,Retail,Retail_CASA,2022-10-04,Resident,TW,Taiwan
C14930577,Retail,Retail_CASA,2021-05-05,Resident,SG,Singapore
C86184889,Retail,Retail_CASA,2023-12-05,Resident,TH,Thailand
C08647950,Retail,Retail_Savings,2020-05-10,NonResident,TW,Taiwan
C72211931,Retail,Retail_CASA,2022-06-20,NonResident,SG,Singapore
C13339859,Retail,Retail_CASA,2022-04-23,Resident,TH,Thailand
C31209242,Retail,Retail_Savings,2022-07-06,Resident,TW,Taiwan
C91595887,Retail,Retail_CASA,2025-06-29,NonResident,SG,Singapore
C75584983,Retail,Retail_CASA,2025-08-21,NonResident,TH,Thailand
C47900241,Retail,Retail_CASA,2019-06-30,Resident,TW,Taiwan
C55972786,Retail,Retail_CASA,2024-07-16,NonResident,SG,Singapore
C63716992,Retail,Retail_Savings,2020-03-16,Resident,TH,Thailand
C36372104,Retail,Retail_CASA,2020-02-08,Resident,TW,Taiwan
C22988517,Retail,Retail_Savings,2022-06-07,Resident,SG,Singapore
C69415463,Retail,Retail_CASA,2025-11-15,Resident,TH,Thailand
C31974264,Retail,Retail_Savings,2022-09-10,Resident,TW,Taiwan
C60170640,SME,SME_Manufacturing,2023-02-17,Resident,SG,Singapore
C76887819,Retail,Retail_CASA,2024-04-02,Resident,TH,Thailand
C96878858,Retail,Retail_Savings,2022-05-13,Resident,TW,Taiwan
C92010402,Retail,Retail_CASA,2022-01-31,Resident,SG,Singapore
C27291952,Retail,Retail_CASA,2023-11-28,Resident,TH,Thailand
C03511160,Retail,Retail_CASA,2019-12-30,Resident,TW,Taiwan
C04359856,Retail,Retail_Wealth,2025-03-14,Resident,SG,Singapore
C84626217,Retail,Retail_CASA,2021-06-28,Resident,TH,Thailand
C53028499,Retail,Retail_CASA,2023-02-23,Resident,TW,Taiwan
C80053831,Retail,Retail_Savings,2025-12-01,Resident,SG,Singapore
C13617336,Retail,Retail_CASA,2024-05-15,Resident,TH,Thailand
C84731877,Retail,Retail_CASA,2024-04-15,Resident,TW,Taiwan
C84155362,Retail,Retail_Savings,2024-09-29,Resident,SG,Singapore
C67046069,SME,SME_Services,2019-10-27,Resident,TH,Thailand
C86833073,Retail,Retail_CASA,2022-02-07,Resident,TW,Taiwan
C84811304,Retail,Retail_CASA,2024-09-10,Resident,SG,Singapore
C66215698,Retail,Retail_CASA,2020-11-03,Resident,TH,Thailand
C31284965,Retail,Retail_CASA,2021-03-11,Resident,TW,Taiwan
C15381166,Retail,Retail_CASA,2025-03-08,Resident,SG,Singapore
C85333652,Retail,Retail_CASA,2024-07-03,Resident,TH,Thailand
C27223845,Retail,Retail_CASA,2020-10-05,Resident,TW,Taiwan
C03775821,Retail,Retail_CASA,2019-02-02,Resident,SG,Singapore
C01791518,Retail,Retail_CASA,2022-05-27,Resident,TH,Thailand
C16079728,Retail,Retail_Savings,2025-02-19,Resident,TW,Taiwan
C37846810,Retail,Retail_Savings,2022-11-07,Resident,SG,Singapore
C41883374,Retail,Retail_CASA,2020-02-22,Resident,TH,Thailand
C06707588,Retail,Retail_CASA,2022-05-26,Resident,TW,Taiwan
C63370259,Retail,Retail_CASA,2022-03-18,Resident,SG,Singapore
C78122752,Retail,Retail_CASA,2023-04-04,Resident,TH,Thailand
C76851810,SME,SME_Services,2023-08-30,Resident,TW,Taiwan
C74617496,Retail,Retail_CASA,2020-09-20,Resident,SG,Singapore
C97807633,Retail,Retail_Savings,2022-07-30,Resident,TH,Thailand
C61187573,Retail,Retail_CASA,2022-06-15,NonResident,TW,Taiwan
C72413344,Retail,Retail_Savings,2020-03-01,Resident,SG,Singapore
C03845139,Retail,Retail_CASA,2022-07-07,Resident,TH,Thailand
C50773082,Retail,Retail_CASA,2019-12-24,Resident,TW,Taiwan
C93371079,Retail,Retail_Savings,2020-05-18,NonResident,SG,Singapore
C91137983,Retail,Retail_Savings,2021-01-02,Resident,TH,Thailand
C92140691,Retail,Retail_CASA,2025-11-03,Resident,TW,Taiwan
C11155949,Retail,Retail_CASA,2019-05-15,NonResident,SG,Singapore
C78149728,Retail,Retail_CASA,2025-01-15,NonResident,TH,Thailand
C71024101,Retail,Retail_Savings,2020-07-11,Resident,TW,Taiwan
C33347247,Retail,Retail_CASA,2025-09-04,Resident,SG,Singapore
C09928296,Retail,Retail_CASA,2019-12-01,Resident,TH,Thailand
C20372514,Retail,Retail_Savings,2023-04-19,Resident,TW,Taiwan
C09581115,SME,SME_Services,2022-04-10,Resident,SG,Singapore
C86491168,SME,SME_Services,2020-08-04,Resident,TH,Thailand
C22572857,Retail,Retail_CASA,2021-07-06,Resident,TW,Taiwan
C64593971,Retail,Retail_Wealth,2021-11-12,Resident,SG,Singapore
C83121315,Retail,Retail_CASA,2023-02-18,Resident,TH,Thailand
C99922698,Retail,Retail_CASA,2024-03-02,Resident,TW,Taiwan
C27544597,Retail,Retail_CASA,2020-12-23,Resident,SG,Singapore
C07335905,Retail,Retail_CASA,2021-09-08,Resident,TH,Thailand
C29488177,SME,SME_Trading,2019-03-29,Resident,TW,Taiwan
C89787287,SME,SME_Trading,2020-10-28,Resident,SG,Singapore
C69733310,Retail,Retail_CASA,2021-05-01,NonResident,TH,Thailand
C77139859,Retail,Retail_Savings,2024-09-07,Resident,TW,Taiwan
C38951252,Retail,Retail_CASA,2024-04-27,Resident,SG,Singapore
C01935481,SME,SME_Services,2024-06-09,Resident,TH,Thailand
C25847868,SME,SME_Services,2020-10-20,Resident,TW,Taiwan
C92424062,Corp,Corp_FI,2020-07-06,Resident,SG,Singapore
C87346420,Retail,Retail_CASA,2021-11-06,NonResident,TH,Thailand
C55710777,Retail,Retail_Savings,2022-01-04,NonResident,TW,Taiwan
C06974440,Retail,Retail_CASA,2024-04-26,Resident,SG,Singapore
C75597909,Retail,Retail_Savings,2025-02-05,Resident,TH,Thailand
C54509609,SME,SME_Manufacturing,2021-11-12,Resident,TW,Taiwan
C41605707,Retail,Retail_CASA,2020-07-07,Resident,SG,Singapore
C53201285,Retail,Retail_CASA,2025-04-01,Resident,TH,Thailand
C17487971,Retail,Retail_CASA,2022-10-12,Resident,TW,Taiwan
C54814860,Retail,Retail_CASA,2025-06-20,Resident,SG,Singapore
C83666441,Retail,Retail_CASA,2021-09-30,Resident,TH,Thailand
C52317934,Retail,Retail_Savings,2021-03-09,Resident,TW,Taiwan
C40785031,Retail,Retail_CASA,2019-06-05,Resident,SG,Singapore
C88338079,SME,SME_Services,2024-03-08,NonResident,TH,Thailand
C47780738,Retail,Retail_CASA,2022-06-29,Resident,TW,Taiwan
C82545867,Retail,Retail_Savings,2020-10-13,Resident,SG,Singapore
C62534113,Retail,Retail_CASA,2022-02-23,Resident,TH,Thailand
C26224595,Retail,Retail_CASA,2019-12-25,Resident,TW,Taiwan
